DROP DATABASE IF EXISTS vehicle_management;
CREATE DATABASE vehicle_management CHARACTER SET utf8mb4 COLLATE utf8mb4_unicode_ci;
USE vehicle_management;

-- ========= 1. Danh mục nhóm xe =========
CREATE TABLE vehiclegroup (
    group_id        BIGINT AUTO_INCREMENT PRIMARY KEY,
    group_name      VARCHAR(255) NOT NULL,
    description     TEXT,
    creation_date   DATETIME DEFAULT CURRENT_TIMESTAMP
) ENGINE=InnoDB;

-- ========= 2. Xe thuộc nhóm =========
CREATE TABLE vehicle (
    vehicle_id      BIGINT AUTO_INCREMENT PRIMARY KEY,
    group_id        BIGINT NOT NULL,
    vehicle_number  VARCHAR(20) NOT NULL,
    vehicle_type    VARCHAR(50) NOT NULL,
    status          VARCHAR(50) NOT NULL DEFAULT 'available',
    FOREIGN KEY (group_id) REFERENCES vehiclegroup(group_id),
    UNIQUE KEY uk_vehicle_number (vehicle_number)
) ENGINE=InnoDB;

-- ========= 3. Lịch sử sử dụng xe =========
CREATE TABLE vehiclehistory (
    history_id      BIGINT AUTO_INCREMENT PRIMARY KEY,
    group_id        BIGINT NOT NULL,
    user_id         BIGINT NOT NULL,
    usage_start     TIMESTAMP NOT NULL,
    usage_end       TIMESTAMP NULL,
    FOREIGN KEY (group_id) REFERENCES vehiclegroup(group_id)
) ENGINE=InnoDB;

-- ========= 4. Danh mục GÓI DỊCH VỤ =========
CREATE TABLE service (
    service_id      BIGINT AUTO_INCREMENT PRIMARY KEY,
    service_name    VARCHAR(255) NOT NULL,
    service_type    VARCHAR(50) NOT NULL,   -- maintenance / repair / inspection ...
    created_date    DATETIME DEFAULT CURRENT_TIMESTAMP,
    updated_date    DATETIME DEFAULT CURRENT_TIMESTAMP ON UPDATE CURRENT_TIMESTAMP
) ENGINE=InnoDB;

-- ========= 5. Đăng ký dịch vụ cho xe =========
CREATE TABLE vehicleservice (
    id              BIGINT AUTO_INCREMENT PRIMARY KEY,
    service_id      BIGINT NOT NULL,
    vehicle_id      BIGINT NOT NULL,
    service_name    VARCHAR(255),
    service_description TEXT,
    service_type    VARCHAR(50),
    request_date    DATETIME DEFAULT CURRENT_TIMESTAMP,
    status          VARCHAR(50) DEFAULT 'pending',
    completion_date DATETIME NULL,
    group_ref_id    BIGINT NULL,
    requested_by_user_id BIGINT NOT NULL,
    requested_by_user_name VARCHAR(255),
    preferred_start_datetime DATETIME NULL,
    preferred_end_datetime   DATETIME NULL,
    FOREIGN KEY (service_id) REFERENCES service(service_id),
    FOREIGN KEY (vehicle_id) REFERENCES vehicle(vehicle_id)
) ENGINE=InnoDB;

-- ========= 6. Dữ liệu mẫu lớn (50+ bản ghi mỗi bảng) =========

SET FOREIGN_KEY_CHECKS = 0;
TRUNCATE vehicleservice;
TRUNCATE vehicle;
TRUNCATE vehiclegroup;
SET FOREIGN_KEY_CHECKS = 1;
INSERT INTO vehiclegroup (group_id, group_name, description) VALUES
(1, 'Nhóm EV 001', 'Mô tả cho nhóm 1'),
(2, 'Nhóm EV 002', 'Mô tả cho nhóm 2'),
(3, 'Nhóm EV 003', 'Mô tả cho nhóm 3'),
(4, 'Nhóm EV 004', 'Mô tả cho nhóm 4'),
(5, 'Nhóm EV 005', 'Mô tả cho nhóm 5'),
(6, 'Nhóm EV 006', 'Mô tả cho nhóm 6'),
(7, 'Nhóm EV 007', 'Mô tả cho nhóm 7'),
(8, 'Nhóm EV 008', 'Mô tả cho nhóm 8'),
(9, 'Nhóm EV 009', 'Mô tả cho nhóm 9'),
(10, 'Nhóm EV 010', 'Mô tả cho nhóm 10'),
(11, 'Nhóm EV 011', 'Mô tả cho nhóm 11'),
(12, 'Nhóm EV 012', 'Mô tả cho nhóm 12'),
(13, 'Nhóm EV 013', 'Mô tả cho nhóm 13'),
(14, 'Nhóm EV 014', 'Mô tả cho nhóm 14'),
(15, 'Nhóm EV 015', 'Mô tả cho nhóm 15'),
(16, 'Nhóm EV 016', 'Mô tả cho nhóm 16'),
(17, 'Nhóm EV 017', 'Mô tả cho nhóm 17'),
(18, 'Nhóm EV 018', 'Mô tả cho nhóm 18'),
(19, 'Nhóm EV 019', 'Mô tả cho nhóm 19'),
(20, 'Nhóm EV 020', 'Mô tả cho nhóm 20'),
(21, 'Nhóm EV 021', 'Mô tả cho nhóm 21'),
(22, 'Nhóm EV 022', 'Mô tả cho nhóm 22'),
(23, 'Nhóm EV 023', 'Mô tả cho nhóm 23'),
(24, 'Nhóm EV 024', 'Mô tả cho nhóm 24'),
(25, 'Nhóm EV 025', 'Mô tả cho nhóm 25'),
(26, 'Nhóm EV 026', 'Mô tả cho nhóm 26'),
(27, 'Nhóm EV 027', 'Mô tả cho nhóm 27'),
(28, 'Nhóm EV 028', 'Mô tả cho nhóm 28'),
(29, 'Nhóm EV 029', 'Mô tả cho nhóm 29'),
(30, 'Nhóm EV 030', 'Mô tả cho nhóm 30'),
(31, 'Nhóm EV 031', 'Mô tả cho nhóm 31'),
(32, 'Nhóm EV 032', 'Mô tả cho nhóm 32'),
(33, 'Nhóm EV 033', 'Mô tả cho nhóm 33'),
(34, 'Nhóm EV 034', 'Mô tả cho nhóm 34'),
(35, 'Nhóm EV 035', 'Mô tả cho nhóm 35'),
(36, 'Nhóm EV 036', 'Mô tả cho nhóm 36'),
(37, 'Nhóm EV 037', 'Mô tả cho nhóm 37'),
(38, 'Nhóm EV 038', 'Mô tả cho nhóm 38'),
(39, 'Nhóm EV 039', 'Mô tả cho nhóm 39'),
(40, 'Nhóm EV 040', 'Mô tả cho nhóm 40'),
(41, 'Nhóm EV 041', 'Mô tả cho nhóm 41'),
(42, 'Nhóm EV 042', 'Mô tả cho nhóm 42'),
(43, 'Nhóm EV 043', 'Mô tả cho nhóm 43'),
(44, 'Nhóm EV 044', 'Mô tả cho nhóm 44'),
(45, 'Nhóm EV 045', 'Mô tả cho nhóm 45'),
(46, 'Nhóm EV 046', 'Mô tả cho nhóm 46'),
(47, 'Nhóm EV 047', 'Mô tả cho nhóm 47'),
(48, 'Nhóm EV 048', 'Mô tả cho nhóm 48'),
(49, 'Nhóm EV 049', 'Mô tả cho nhóm 49'),
(50, 'Nhóm EV 050', 'Mô tả cho nhóm 50'),
(51, 'Nhóm EV 051', 'Mô tả cho nhóm 51'),
(52, 'Nhóm EV 052', 'Mô tả cho nhóm 52'),
(53, 'Nhóm EV 053', 'Mô tả cho nhóm 53'),
(54, 'Nhóm EV 054', 'Mô tả cho nhóm 54'),
(55, 'Nhóm EV 055', 'Mô tả cho nhóm 55'),
(56, 'Nhóm EV 056', 'Mô tả cho nhóm 56'),
(57, 'Nhóm EV 057', 'Mô tả cho nhóm 57'),
(58, 'Nhóm EV 058', 'Mô tả cho nhóm 58'),
(59, 'Nhóm EV 059', 'Mô tả cho nhóm 59'),
(60, 'Nhóm EV 060', 'Mô tả cho nhóm 60'),
(61, 'Nhóm EV 061', 'Mô tả cho nhóm 61'),
(62, 'Nhóm EV 062', 'Mô tả cho nhóm 62'),
(63, 'Nhóm EV 063', 'Mô tả cho nhóm 63'),
(64, 'Nhóm EV 064', 'Mô tả cho nhóm 64'),
(65, 'Nhóm EV 065', 'Mô tả cho nhóm 65'),
(66, 'Nhóm EV 066', 'Mô tả cho nhóm 66'),
(67, 'Nhóm EV 067', 'Mô tả cho nhóm 67'),
(68, 'Nhóm EV 068', 'Mô tả cho nhóm 68'),
(69, 'Nhóm EV 069', 'Mô tả cho nhóm 69'),
(70, 'Nhóm EV 070', 'Mô tả cho nhóm 70'),
(71, 'Nhóm EV 071', 'Mô tả cho nhóm 71'),
(72, 'Nhóm EV 072', 'Mô tả cho nhóm 72'),
(73, 'Nhóm EV 073', 'Mô tả cho nhóm 73'),
(74, 'Nhóm EV 074', 'Mô tả cho nhóm 74'),
(75, 'Nhóm EV 075', 'Mô tả cho nhóm 75'),
(76, 'Nhóm EV 076', 'Mô tả cho nhóm 76'),
(77, 'Nhóm EV 077', 'Mô tả cho nhóm 77'),
(78, 'Nhóm EV 078', 'Mô tả cho nhóm 78'),
(79, 'Nhóm EV 079', 'Mô tả cho nhóm 79'),
(80, 'Nhóm EV 080', 'Mô tả cho nhóm 80'),
(81, 'Nhóm EV 081', 'Mô tả cho nhóm 81'),
(82, 'Nhóm EV 082', 'Mô tả cho nhóm 82'),
(83, 'Nhóm EV 083', 'Mô tả cho nhóm 83'),
(84, 'Nhóm EV 084', 'Mô tả cho nhóm 84'),
(85, 'Nhóm EV 085', 'Mô tả cho nhóm 85'),
(86, 'Nhóm EV 086', 'Mô tả cho nhóm 86'),
(87, 'Nhóm EV 087', 'Mô tả cho nhóm 87'),
(88, 'Nhóm EV 088', 'Mô tả cho nhóm 88'),
(89, 'Nhóm EV 089', 'Mô tả cho nhóm 89'),
(90, 'Nhóm EV 090', 'Mô tả cho nhóm 90'),
(91, 'Nhóm EV 091', 'Mô tả cho nhóm 91'),
(92, 'Nhóm EV 092', 'Mô tả cho nhóm 92'),
(93, 'Nhóm EV 093', 'Mô tả cho nhóm 93'),
(94, 'Nhóm EV 094', 'Mô tả cho nhóm 94'),
(95, 'Nhóm EV 095', 'Mô tả cho nhóm 95'),
(96, 'Nhóm EV 096', 'Mô tả cho nhóm 96'),
(97, 'Nhóm EV 097', 'Mô tả cho nhóm 97'),
(98, 'Nhóm EV 098', 'Mô tả cho nhóm 98'),
(99, 'Nhóm EV 099', 'Mô tả cho nhóm 99'),
(100, 'Nhóm EV 100', 'Mô tả cho nhóm 100');

INSERT INTO vehicle (vehicle_id, group_id, vehicle_number, vehicle_type, status) VALUES
(1, 1, '51A-00001', 'SUV', 'available'),
(2, 2, '51A-00002', 'Hatchback', 'available'),
(3, 3, '51A-00003', 'Truck', 'available'),
(4, 4, '51A-00004', 'Van', 'available'),
(5, 5, '51A-00005', 'Sedan', 'available'),
(6, 6, '51A-00006', 'SUV', 'available'),
(7, 7, '51A-00007', 'Hatchback', 'available'),
(8, 8, '51A-00008', 'Truck', 'available'),
(9, 9, '51A-00009', 'Van', 'available'),
(10, 10, '51A-00010', 'Sedan', 'available'),
(11, 11, '51A-00011', 'SUV', 'available'),
(12, 12, '51A-00012', 'Hatchback', 'available'),
(13, 13, '51A-00013', 'Truck', 'available'),
(14, 14, '51A-00014', 'Van', 'available'),
(15, 15, '51A-00015', 'Sedan', 'available'),
(16, 16, '51A-00016', 'SUV', 'available'),
(17, 17, '51A-00017', 'Hatchback', 'available'),
(18, 18, '51A-00018', 'Truck', 'available'),
(19, 19, '51A-00019', 'Van', 'available'),
(20, 20, '51A-00020', 'Sedan', 'available'),
(21, 21, '51A-00021', 'SUV', 'available'),
(22, 22, '51A-00022', 'Hatchback', 'available'),
(23, 23, '51A-00023', 'Truck', 'available'),
(24, 24, '51A-00024', 'Van', 'available'),
(25, 25, '51A-00025', 'Sedan', 'available'),
(26, 26, '51A-00026', 'SUV', 'available'),
(27, 27, '51A-00027', 'Hatchback', 'available'),
(28, 28, '51A-00028', 'Truck', 'available'),
(29, 29, '51A-00029', 'Van', 'available'),
(30, 30, '51A-00030', 'Sedan', 'available'),
(31, 31, '51A-00031', 'SUV', 'available'),
(32, 32, '51A-00032', 'Hatchback', 'available'),
(33, 33, '51A-00033', 'Truck', 'available'),
(34, 34, '51A-00034', 'Van', 'available'),
(35, 35, '51A-00035', 'Sedan', 'available'),
(36, 36, '51A-00036', 'SUV', 'available'),
(37, 37, '51A-00037', 'Hatchback', 'available'),
(38, 38, '51A-00038', 'Truck', 'available'),
(39, 39, '51A-00039', 'Van', 'available'),
(40, 40, '51A-00040', 'Sedan', 'available'),
(41, 41, '51A-00041', 'SUV', 'available'),
(42, 42, '51A-00042', 'Hatchback', 'available'),
(43, 43, '51A-00043', 'Truck', 'available'),
(44, 44, '51A-00044', 'Van', 'available'),
(45, 45, '51A-00045', 'Sedan', 'available'),
(46, 46, '51A-00046', 'SUV', 'available'),
(47, 47, '51A-00047', 'Hatchback', 'available'),
(48, 48, '51A-00048', 'Truck', 'available'),
(49, 49, '51A-00049', 'Van', 'available'),
(50, 50, '51A-00050', 'Sedan', 'available'),
(51, 51, '51A-00051', 'SUV', 'available'),
(52, 52, '51A-00052', 'Hatchback', 'available'),
(53, 53, '51A-00053', 'Truck', 'available'),
(54, 54, '51A-00054', 'Van', 'available'),
(55, 55, '51A-00055', 'Sedan', 'available'),
(56, 56, '51A-00056', 'SUV', 'available'),
(57, 57, '51A-00057', 'Hatchback', 'available'),
(58, 58, '51A-00058', 'Truck', 'available'),
(59, 59, '51A-00059', 'Van', 'available'),
(60, 60, '51A-00060', 'Sedan', 'available'),
(61, 61, '51A-00061', 'SUV', 'available'),
(62, 62, '51A-00062', 'Hatchback', 'available'),
(63, 63, '51A-00063', 'Truck', 'available'),
(64, 64, '51A-00064', 'Van', 'available'),
(65, 65, '51A-00065', 'Sedan', 'available'),
(66, 66, '51A-00066', 'SUV', 'available'),
(67, 67, '51A-00067', 'Hatchback', 'available'),
(68, 68, '51A-00068', 'Truck', 'available'),
(69, 69, '51A-00069', 'Van', 'available'),
(70, 70, '51A-00070', 'Sedan', 'available'),
(71, 71, '51A-00071', 'SUV', 'available'),
(72, 72, '51A-00072', 'Hatchback', 'available'),
(73, 73, '51A-00073', 'Truck', 'available'),
(74, 74, '51A-00074', 'Van', 'available'),
(75, 75, '51A-00075', 'Sedan', 'available'),
(76, 76, '51A-00076', 'SUV', 'available'),
(77, 77, '51A-00077', 'Hatchback', 'available'),
(78, 78, '51A-00078', 'Truck', 'available'),
(79, 79, '51A-00079', 'Van', 'available'),
(80, 80, '51A-00080', 'Sedan', 'available'),
(81, 81, '51A-00081', 'SUV', 'available'),
(82, 82, '51A-00082', 'Hatchback', 'available'),
(83, 83, '51A-00083', 'Truck', 'available'),
(84, 84, '51A-00084', 'Van', 'available'),
(85, 85, '51A-00085', 'Sedan', 'available'),
(86, 86, '51A-00086', 'SUV', 'available'),
(87, 87, '51A-00087', 'Hatchback', 'available'),
(88, 88, '51A-00088', 'Truck', 'available'),
(89, 89, '51A-00089', 'Van', 'available'),
(90, 90, '51A-00090', 'Sedan', 'available'),
(91, 91, '51A-00091', 'SUV', 'available'),
(92, 92, '51A-00092', 'Hatchback', 'available'),
(93, 93, '51A-00093', 'Truck', 'available'),
(94, 94, '51A-00094', 'Van', 'available'),
(95, 95, '51A-00095', 'Sedan', 'available'),
(96, 96, '51A-00096', 'SUV', 'available'),
(97, 97, '51A-00097', 'Hatchback', 'available'),
(98, 98, '51A-00098', 'Truck', 'available'),
(99, 99, '51A-00099', 'Van', 'available'),
(100, 100, '51A-00100', 'Sedan', 'available'),
(101, 1, '51B-00001', 'SUV', 'available'),
(102, 2, '51B-00002', 'Hatchback', 'available'),
(103, 3, '51B-00003', 'Truck', 'available'),
(104, 4, '51B-00004', 'Van', 'available'),
(105, 5, '51B-00005', 'Sedan', 'available'),
(106, 6, '51B-00006', 'SUV', 'available'),
(107, 7, '51B-00007', 'Hatchback', 'available'),
(108, 8, '51B-00008', 'Truck', 'available'),
(109, 9, '51B-00009', 'Van', 'available'),
(110, 10, '51B-00010', 'Sedan', 'available');

SET FOREIGN_KEY_CHECKS = 0;
TRUNCATE service;
SET FOREIGN_KEY_CHECKS = 1;
INSERT INTO service (service_id, service_name, service_type) VALUES
(1, 'Dịch vụ Repair 001', 'repair'),
(2, 'Dịch vụ Inspection 002', 'inspection'),
(3, 'Dịch vụ Cleaning 003', 'cleaning'),
(4, 'Dịch vụ Software 004', 'software'),
(5, 'Dịch vụ Maintenance 005', 'maintenance'),
(6, 'Dịch vụ Repair 006', 'repair'),
(7, 'Dịch vụ Inspection 007', 'inspection'),
(8, 'Dịch vụ Cleaning 008', 'cleaning'),
(9, 'Dịch vụ Software 009', 'software'),
(10, 'Dịch vụ Maintenance 010', 'maintenance'),
(11, 'Dịch vụ Repair 011', 'repair'),
(12, 'Dịch vụ Inspection 012', 'inspection'),
(13, 'Dịch vụ Cleaning 013', 'cleaning'),
(14, 'Dịch vụ Software 014', 'software'),
(15, 'Dịch vụ Maintenance 015', 'maintenance'),
(16, 'Dịch vụ Repair 016', 'repair'),
(17, 'Dịch vụ Inspection 017', 'inspection'),
(18, 'Dịch vụ Cleaning 018', 'cleaning'),
(19, 'Dịch vụ Software 019', 'software'),
(20, 'Dịch vụ Maintenance 020', 'maintenance'),
(21, 'Dịch vụ Repair 021', 'repair'),
(22, 'Dịch vụ Inspection 022', 'inspection'),
(23, 'Dịch vụ Cleaning 023', 'cleaning'),
(24, 'Dịch vụ Software 024', 'software'),
(25, 'Dịch vụ Maintenance 025', 'maintenance'),
(26, 'Dịch vụ Repair 026', 'repair'),
(27, 'Dịch vụ Inspection 027', 'inspection'),
(28, 'Dịch vụ Cleaning 028', 'cleaning'),
(29, 'Dịch vụ Software 029', 'software'),
(30, 'Dịch vụ Maintenance 030', 'maintenance'),
(31, 'Dịch vụ Repair 031', 'repair'),
(32, 'Dịch vụ Inspection 032', 'inspection'),
(33, 'Dịch vụ Cleaning 033', 'cleaning'),
(34, 'Dịch vụ Software 034', 'software'),
(35, 'Dịch vụ Maintenance 035', 'maintenance'),
(36, 'Dịch vụ Repair 036', 'repair'),
(37, 'Dịch vụ Inspection 037', 'inspection'),
(38, 'Dịch vụ Cleaning 038', 'cleaning'),
(39, 'Dịch vụ Software 039', 'software'),
(40, 'Dịch vụ Maintenance 040', 'maintenance'),
(41, 'Dịch vụ Repair 041', 'repair'),
(42, 'Dịch vụ Inspection 042', 'inspection'),
(43, 'Dịch vụ Cleaning 043', 'cleaning'),
(44, 'Dịch vụ Software 044', 'software'),
(45, 'Dịch vụ Maintenance 045', 'maintenance'),
(46, 'Dịch vụ Repair 046', 'repair'),
(47, 'Dịch vụ Inspection 047', 'inspection'),
(48, 'Dịch vụ Cleaning 048', 'cleaning'),
(49, 'Dịch vụ Software 049', 'software'),
(50, 'Dịch vụ Maintenance 050', 'maintenance'),
(51, 'Dịch vụ Repair 051', 'repair'),
(52, 'Dịch vụ Inspection 052', 'inspection'),
(53, 'Dịch vụ Cleaning 053', 'cleaning'),
(54, 'Dịch vụ Software 054', 'software'),
(55, 'Dịch vụ Maintenance 055', 'maintenance'),
(56, 'Dịch vụ Repair 056', 'repair'),
(57, 'Dịch vụ Inspection 057', 'inspection'),
(58, 'Dịch vụ Cleaning 058', 'cleaning'),
(59, 'Dịch vụ Software 059', 'software'),
(60, 'Dịch vụ Maintenance 060', 'maintenance'),
(61, 'Dịch vụ Repair 061', 'repair'),
(62, 'Dịch vụ Inspection 062', 'inspection'),
(63, 'Dịch vụ Cleaning 063', 'cleaning'),
(64, 'Dịch vụ Software 064', 'software'),
(65, 'Dịch vụ Maintenance 065', 'maintenance'),
(66, 'Dịch vụ Repair 066', 'repair'),
(67, 'Dịch vụ Inspection 067', 'inspection'),
(68, 'Dịch vụ Cleaning 068', 'cleaning'),
(69, 'Dịch vụ Software 069', 'software'),
(70, 'Dịch vụ Maintenance 070', 'maintenance'),
(71, 'Dịch vụ Repair 071', 'repair'),
(72, 'Dịch vụ Inspection 072', 'inspection'),
(73, 'Dịch vụ Cleaning 073', 'cleaning'),
(74, 'Dịch vụ Software 074', 'software'),
(75, 'Dịch vụ Maintenance 075', 'maintenance'),
(76, 'Dịch vụ Repair 076', 'repair'),
(77, 'Dịch vụ Inspection 077', 'inspection'),
(78, 'Dịch vụ Cleaning 078', 'cleaning'),
(79, 'Dịch vụ Software 079', 'software'),
(80, 'Dịch vụ Maintenance 080', 'maintenance'),
(81, 'Dịch vụ Repair 081', 'repair'),
(82, 'Dịch vụ Inspection 082', 'inspection'),
(83, 'Dịch vụ Cleaning 083', 'cleaning'),
(84, 'Dịch vụ Software 084', 'software'),
(85, 'Dịch vụ Maintenance 085', 'maintenance'),
(86, 'Dịch vụ Repair 086', 'repair'),
(87, 'Dịch vụ Inspection 087', 'inspection'),
(88, 'Dịch vụ Cleaning 088', 'cleaning'),
(89, 'Dịch vụ Software 089', 'software'),
(90, 'Dịch vụ Maintenance 090', 'maintenance'),
(91, 'Dịch vụ Repair 091', 'repair'),
(92, 'Dịch vụ Inspection 092', 'inspection'),
(93, 'Dịch vụ Cleaning 093', 'cleaning'),
(94, 'Dịch vụ Software 094', 'software'),
(95, 'Dịch vụ Maintenance 095', 'maintenance'),
(96, 'Dịch vụ Repair 096', 'repair'),
(97, 'Dịch vụ Inspection 097', 'inspection'),
(98, 'Dịch vụ Cleaning 098', 'cleaning'),
(99, 'Dịch vụ Software 099', 'software'),
(100, 'Dịch vụ Maintenance 100', 'maintenance');

INSERT INTO vehicleservice (id, service_id, vehicle_id, service_name, service_description, service_type, status, group_ref_id, requested_by_user_id, requested_by_user_name) VALUES
(1, 1, 1, 'Yêu cầu dịch vụ 1', 'Mô tả chi tiết 1', 'maintenance', 'pending', 1, 484, 'User 484'),
(2, 2, 2, 'Yêu cầu dịch vụ 2', 'Mô tả chi tiết 2', 'maintenance', 'pending', 2, 485, 'User 485'),
(3, 3, 3, 'Yêu cầu dịch vụ 3', 'Mô tả chi tiết 3', 'maintenance', 'pending', 3, 486, 'User 486'),
(4, 4, 4, 'Yêu cầu dịch vụ 4', 'Mô tả chi tiết 4', 'maintenance', 'pending', 4, 487, 'User 487'),
(5, 5, 5, 'Yêu cầu dịch vụ 5', 'Mô tả chi tiết 5', 'maintenance', 'pending', 5, 488, 'User 488'),
(6, 6, 6, 'Yêu cầu dịch vụ 6', 'Mô tả chi tiết 6', 'maintenance', 'pending', 6, 489, 'User 489'),
(7, 7, 7, 'Yêu cầu dịch vụ 7', 'Mô tả chi tiết 7', 'maintenance', 'pending', 7, 490, 'User 490'),
(8, 8, 8, 'Yêu cầu dịch vụ 8', 'Mô tả chi tiết 8', 'maintenance', 'pending', 8, 491, 'User 491'),
(9, 9, 9, 'Yêu cầu dịch vụ 9', 'Mô tả chi tiết 9', 'maintenance', 'pending', 9, 492, 'User 492'),
(10, 10, 10, 'Yêu cầu dịch vụ 10', 'Mô tả chi tiết 10', 'maintenance', 'pending', 10, 493, 'User 493'),
(11, 11, 11, 'Yêu cầu dịch vụ 11', 'Mô tả chi tiết 11', 'maintenance', 'pending', 11, 494, 'User 494'),
(12, 12, 12, 'Yêu cầu dịch vụ 12', 'Mô tả chi tiết 12', 'maintenance', 'pending', 12, 495, 'User 495'),
(13, 13, 13, 'Yêu cầu dịch vụ 13', 'Mô tả chi tiết 13', 'maintenance', 'pending', 13, 496, 'User 496'),
(14, 14, 14, 'Yêu cầu dịch vụ 14', 'Mô tả chi tiết 14', 'maintenance', 'pending', 14, 497, 'User 497'),
(15, 15, 15, 'Yêu cầu dịch vụ 15', 'Mô tả chi tiết 15', 'maintenance', 'pending', 15, 498, 'User 498'),
(16, 16, 16, 'Yêu cầu dịch vụ 16', 'Mô tả chi tiết 16', 'maintenance', 'pending', 16, 499, 'User 499'),
(17, 17, 17, 'Yêu cầu dịch vụ 17', 'Mô tả chi tiết 17', 'maintenance', 'pending', 17, 500, 'User 500'),
(18, 18, 18, 'Yêu cầu dịch vụ 18', 'Mô tả chi tiết 18', 'maintenance', 'pending', 18, 501, 'User 501'),
(19, 19, 19, 'Yêu cầu dịch vụ 19', 'Mô tả chi tiết 19', 'maintenance', 'pending', 19, 502, 'User 502'),
(20, 20, 20, 'Yêu cầu dịch vụ 20', 'Mô tả chi tiết 20', 'maintenance', 'pending', 20, 503, 'User 503'),
(21, 21, 21, 'Yêu cầu dịch vụ 21', 'Mô tả chi tiết 21', 'maintenance', 'pending', 21, 504, 'User 504'),
(22, 22, 22, 'Yêu cầu dịch vụ 22', 'Mô tả chi tiết 22', 'maintenance', 'pending', 22, 505, 'User 505'),
(23, 23, 23, 'Yêu cầu dịch vụ 23', 'Mô tả chi tiết 23', 'maintenance', 'pending', 23, 506, 'User 506'),
(24, 24, 24, 'Yêu cầu dịch vụ 24', 'Mô tả chi tiết 24', 'maintenance', 'pending', 24, 507, 'User 507'),
(25, 25, 25, 'Yêu cầu dịch vụ 25', 'Mô tả chi tiết 25', 'maintenance', 'pending', 25, 508, 'User 508'),
(26, 26, 26, 'Yêu cầu dịch vụ 26', 'Mô tả chi tiết 26', 'maintenance', 'pending', 26, 509, 'User 509'),
(27, 27, 27, 'Yêu cầu dịch vụ 27', 'Mô tả chi tiết 27', 'maintenance', 'pending', 27, 510, 'User 510'),
(28, 28, 28, 'Yêu cầu dịch vụ 28', 'Mô tả chi tiết 28', 'maintenance', 'pending', 28, 511, 'User 511'),
(29, 29, 29, 'Yêu cầu dịch vụ 29', 'Mô tả chi tiết 29', 'maintenance', 'pending', 29, 512, 'User 512'),
(30, 30, 30, 'Yêu cầu dịch vụ 30', 'Mô tả chi tiết 30', 'maintenance', 'pending', 30, 513, 'User 513'),
(31, 31, 31, 'Yêu cầu dịch vụ 31', 'Mô tả chi tiết 31', 'maintenance', 'pending', 31, 514, 'User 514'),
(32, 32, 32, 'Yêu cầu dịch vụ 32', 'Mô tả chi tiết 32', 'maintenance', 'pending', 32, 515, 'User 515'),
(33, 33, 33, 'Yêu cầu dịch vụ 33', 'Mô tả chi tiết 33', 'maintenance', 'pending', 33, 516, 'User 516'),
(34, 34, 34, 'Yêu cầu dịch vụ 34', 'Mô tả chi tiết 34', 'maintenance', 'pending', 34, 517, 'User 517'),
(35, 35, 35, 'Yêu cầu dịch vụ 35', 'Mô tả chi tiết 35', 'maintenance', 'pending', 35, 518, 'User 518'),
(36, 36, 36, 'Yêu cầu dịch vụ 36', 'Mô tả chi tiết 36', 'maintenance', 'pending', 36, 519, 'User 519'),
(37, 37, 37, 'Yêu cầu dịch vụ 37', 'Mô tả chi tiết 37', 'maintenance', 'pending', 37, 520, 'User 520'),
(38, 38, 38, 'Yêu cầu dịch vụ 38', 'Mô tả chi tiết 38', 'maintenance', 'pending', 38, 521, 'User 521'),
(39, 39, 39, 'Yêu cầu dịch vụ 39', 'Mô tả chi tiết 39', 'maintenance', 'pending', 39, 522, 'User 522'),
(40, 40, 40, 'Yêu cầu dịch vụ 40', 'Mô tả chi tiết 40', 'maintenance', 'pending', 40, 523, 'User 523'),
(41, 41, 41, 'Yêu cầu dịch vụ 41', 'Mô tả chi tiết 41', 'maintenance', 'pending', 41, 524, 'User 524'),
(42, 42, 42, 'Yêu cầu dịch vụ 42', 'Mô tả chi tiết 42', 'maintenance', 'pending', 42, 525, 'User 525'),
(43, 43, 43, 'Yêu cầu dịch vụ 43', 'Mô tả chi tiết 43', 'maintenance', 'pending', 43, 526, 'User 526'),
(44, 44, 44, 'Yêu cầu dịch vụ 44', 'Mô tả chi tiết 44', 'maintenance', 'pending', 44, 527, 'User 527'),
(45, 45, 45, 'Yêu cầu dịch vụ 45', 'Mô tả chi tiết 45', 'maintenance', 'pending', 45, 528, 'User 528'),
(46, 46, 46, 'Yêu cầu dịch vụ 46', 'Mô tả chi tiết 46', 'maintenance', 'pending', 46, 529, 'User 529'),
(47, 47, 47, 'Yêu cầu dịch vụ 47', 'Mô tả chi tiết 47', 'maintenance', 'pending', 47, 530, 'User 530'),
(48, 48, 48, 'Yêu cầu dịch vụ 48', 'Mô tả chi tiết 48', 'maintenance', 'pending', 48, 531, 'User 531'),
(49, 49, 49, 'Yêu cầu dịch vụ 49', 'Mô tả chi tiết 49', 'maintenance', 'pending', 49, 532, 'User 532'),
(50, 50, 50, 'Yêu cầu dịch vụ 50', 'Mô tả chi tiết 50', 'maintenance', 'pending', 50, 533, 'User 533'),
(51, 51, 51, 'Yêu cầu dịch vụ 51', 'Mô tả chi tiết 51', 'maintenance', 'pending', 51, 534, 'User 534'),
(52, 52, 52, 'Yêu cầu dịch vụ 52', 'Mô tả chi tiết 52', 'maintenance', 'pending', 52, 535, 'User 535'),
(53, 53, 53, 'Yêu cầu dịch vụ 53', 'Mô tả chi tiết 53', 'maintenance', 'pending', 53, 536, 'User 536'),
(54, 54, 54, 'Yêu cầu dịch vụ 54', 'Mô tả chi tiết 54', 'maintenance', 'pending', 54, 537, 'User 537'),
(55, 55, 55, 'Yêu cầu dịch vụ 55', 'Mô tả chi tiết 55', 'maintenance', 'pending', 55, 538, 'User 538'),
(56, 56, 56, 'Yêu cầu dịch vụ 56', 'Mô tả chi tiết 56', 'maintenance', 'pending', 56, 539, 'User 539'),
(57, 57, 57, 'Yêu cầu dịch vụ 57', 'Mô tả chi tiết 57', 'maintenance', 'pending', 57, 540, 'User 540'),
(58, 58, 58, 'Yêu cầu dịch vụ 58', 'Mô tả chi tiết 58', 'maintenance', 'pending', 58, 541, 'User 541'),
(59, 59, 59, 'Yêu cầu dịch vụ 59', 'Mô tả chi tiết 59', 'maintenance', 'pending', 59, 542, 'User 542'),
(60, 60, 60, 'Yêu cầu dịch vụ 60', 'Mô tả chi tiết 60', 'maintenance', 'pending', 60, 543, 'User 543'),
(61, 61, 61, 'Yêu cầu dịch vụ 61', 'Mô tả chi tiết 61', 'maintenance', 'pending', 61, 544, 'User 544'),
(62, 62, 62, 'Yêu cầu dịch vụ 62', 'Mô tả chi tiết 62', 'maintenance', 'pending', 62, 545, 'User 545'),
(63, 63, 63, 'Yêu cầu dịch vụ 63', 'Mô tả chi tiết 63', 'maintenance', 'pending', 63, 546, 'User 546'),
(64, 64, 64, 'Yêu cầu dịch vụ 64', 'Mô tả chi tiết 64', 'maintenance', 'pending', 64, 547, 'User 547'),
(65, 65, 65, 'Yêu cầu dịch vụ 65', 'Mô tả chi tiết 65', 'maintenance', 'pending', 65, 548, 'User 548'),
(66, 66, 66, 'Yêu cầu dịch vụ 66', 'Mô tả chi tiết 66', 'maintenance', 'pending', 66, 549, 'User 549'),
(67, 67, 67, 'Yêu cầu dịch vụ 67', 'Mô tả chi tiết 67', 'maintenance', 'pending', 67, 550, 'User 550'),
(68, 68, 68, 'Yêu cầu dịch vụ 68', 'Mô tả chi tiết 68', 'maintenance', 'pending', 68, 551, 'User 551'),
(69, 69, 69, 'Yêu cầu dịch vụ 69', 'Mô tả chi tiết 69', 'maintenance', 'pending', 69, 552, 'User 552'),
(70, 70, 70, 'Yêu cầu dịch vụ 70', 'Mô tả chi tiết 70', 'maintenance', 'pending', 70, 553, 'User 553'),
(71, 71, 71, 'Yêu cầu dịch vụ 71', 'Mô tả chi tiết 71', 'maintenance', 'pending', 71, 554, 'User 554'),
(72, 72, 72, 'Yêu cầu dịch vụ 72', 'Mô tả chi tiết 72', 'maintenance', 'pending', 72, 555, 'User 555'),
(73, 73, 73, 'Yêu cầu dịch vụ 73', 'Mô tả chi tiết 73', 'maintenance', 'pending', 73, 556, 'User 556'),
(74, 74, 74, 'Yêu cầu dịch vụ 74', 'Mô tả chi tiết 74', 'maintenance', 'pending', 74, 557, 'User 557'),
(75, 75, 75, 'Yêu cầu dịch vụ 75', 'Mô tả chi tiết 75', 'maintenance', 'pending', 75, 558, 'User 558'),
(76, 76, 76, 'Yêu cầu dịch vụ 76', 'Mô tả chi tiết 76', 'maintenance', 'pending', 76, 559, 'User 559'),
(77, 77, 77, 'Yêu cầu dịch vụ 77', 'Mô tả chi tiết 77', 'maintenance', 'pending', 77, 560, 'User 560'),
(78, 78, 78, 'Yêu cầu dịch vụ 78', 'Mô tả chi tiết 78', 'maintenance', 'pending', 78, 561, 'User 561'),
(79, 79, 79, 'Yêu cầu dịch vụ 79', 'Mô tả chi tiết 79', 'maintenance', 'pending', 79, 562, 'User 562'),
(80, 80, 80, 'Yêu cầu dịch vụ 80', 'Mô tả chi tiết 80', 'maintenance', 'pending', 80, 563, 'User 563'),
(81, 81, 81, 'Yêu cầu dịch vụ 81', 'Mô tả chi tiết 81', 'maintenance', 'pending', 81, 564, 'User 564'),
(82, 82, 82, 'Yêu cầu dịch vụ 82', 'Mô tả chi tiết 82', 'maintenance', 'pending', 82, 565, 'User 565'),
(83, 83, 83, 'Yêu cầu dịch vụ 83', 'Mô tả chi tiết 83', 'maintenance', 'pending', 83, 566, 'User 566'),
(84, 84, 84, 'Yêu cầu dịch vụ 84', 'Mô tả chi tiết 84', 'maintenance', 'pending', 84, 567, 'User 567'),
(85, 85, 85, 'Yêu cầu dịch vụ 85', 'Mô tả chi tiết 85', 'maintenance', 'pending', 85, 568, 'User 568'),
(86, 86, 86, 'Yêu cầu dịch vụ 86', 'Mô tả chi tiết 86', 'maintenance', 'pending', 86, 569, 'User 569'),
(87, 87, 87, 'Yêu cầu dịch vụ 87', 'Mô tả chi tiết 87', 'maintenance', 'pending', 87, 570, 'User 570'),
(88, 88, 88, 'Yêu cầu dịch vụ 88', 'Mô tả chi tiết 88', 'maintenance', 'pending', 88, 571, 'User 571'),
(89, 89, 89, 'Yêu cầu dịch vụ 89', 'Mô tả chi tiết 89', 'maintenance', 'pending', 89, 572, 'User 572'),
(90, 90, 90, 'Yêu cầu dịch vụ 90', 'Mô tả chi tiết 90', 'maintenance', 'pending', 90, 573, 'User 573'),
(91, 91, 91, 'Yêu cầu dịch vụ 91', 'Mô tả chi tiết 91', 'maintenance', 'pending', 91, 574, 'User 574'),
(92, 92, 92, 'Yêu cầu dịch vụ 92', 'Mô tả chi tiết 92', 'maintenance', 'pending', 92, 575, 'User 575'),
(93, 93, 93, 'Yêu cầu dịch vụ 93', 'Mô tả chi tiết 93', 'maintenance', 'pending', 93, 576, 'User 576'),
(94, 94, 94, 'Yêu cầu dịch vụ 94', 'Mô tả chi tiết 94', 'maintenance', 'pending', 94, 577, 'User 577'),
(95, 95, 95, 'Yêu cầu dịch vụ 95', 'Mô tả chi tiết 95', 'maintenance', 'pending', 95, 578, 'User 578'),
(96, 96, 96, 'Yêu cầu dịch vụ 96', 'Mô tả chi tiết 96', 'maintenance', 'pending', 96, 579, 'User 579'),
(97, 97, 97, 'Yêu cầu dịch vụ 97', 'Mô tả chi tiết 97', 'maintenance', 'pending', 97, 580, 'User 580'),
(98, 98, 98, 'Yêu cầu dịch vụ 98', 'Mô tả chi tiết 98', 'maintenance', 'pending', 98, 581, 'User 581'),
(99, 99, 99, 'Yêu cầu dịch vụ 99', 'Mô tả chi tiết 99', 'maintenance', 'pending', 99, 582, 'User 582'),
(100, 100, 100, 'Yêu cầu dịch vụ 100', 'Mô tả chi tiết 100', 'maintenance', 'pending', 100, 583, 'User 583');



